{"ProjectWatches":"{\"Value\":[]}","ProjectBreakpoints":"{\"Value\":{}}","OpenedDocuments":"[]","ProjectActivitiesViewState":"{\"Control Flow in Studio - Practice 1 - For Each and If Statement.xaml\":[{\"ActivityIdRef\":\"If_1\",\"IsAdvancedOptionsExpanded\":false,\"Widgets\":{}}],\"Control Flow in Studio - Practice 2 - Switch.xaml\":[],\"Introduction to User Interface Automation-Practice - Change the design Experience.xaml\":[],\"DataTables and Excel Automation With Studio-Working With DataTables.xaml\":[{\"ActivityIdRef\":\"OutputDataTable_1\",\"IsAdvancedOptionsExpanded\":false,\"Widgets\":{}},{\"ActivityIdRef\":\"WriteLine_1\",\"IsAdvancedOptionsExpanded\":false,\"Widgets\":{}}],\"DataTables and Excel Automation With Studio-Working with Excel files part 1.xaml\":[]}"}